t,original,good_recon,bad_recon
0,0,9.01905e-16,1.25043e-16
0.001,0.0940774,0.048325,0.000303583
0.002,0.187135,0.100545,0.000957993
0.003,0.278171,0.156048,0.00201044
0.004,0.36621,0.214154,0.00350917
0.005,0.450327,0.274122,0.00550321
0.006,0.529655,0.335168,0.00804207
0.007,0.6034,0.396475,0.0111755
0.008,0.670854,0.457208,0.014953
0.009,0.731405,0.516533,0.019424
0.01,0.784545,0.573629,0.0246368
0.011,0.829882,0.627707,0.0306389
0.012,0.867138,0.678023,0.0374762
0.013,0.896161,0.723893,0.045193
0.014,0.916923,0.764709,0.0538315
0.015,0.929519,0.799951,0.0634315
0.016,0.934167,0.829196,0.0740298
0.017,0.931205,0.852129,0.0856603
0.018,0.921083,0.868552,0.0983535
0.019,0.904357,0.878387,0.112136
0.02,0.881678,0.881678,0.127031
0.021,0.853784,0.878596,0.143055
0.022,0.821486,0.869434,0.160223
0.023,0.785657,0.854603,0.178544
0.024,0.747214,0.834627,0.198021
0.025,0.707107,0.81013,0.218652
0.026,0.666302,0.781833,0.240429
0.027,0.625766,0.750532,0.263341
0.028,0.586451,0.717091,0.287366
0.029,0.549278,0.68242,0.312481
0.03,0.515124,0.647462,0.338654
0.031,0.484807,0.613173,0.365848
0.032,0.459071,0.580504,0.394019
0.033,0.438578,0.550382,0.423117
0.034,0.423893,0.52369,0.453086
0.035,0.415478,0.501254,0.483865
0.036,0.413683,0.483821,0.515384
0.037,0.418741,0.472045,0.54757
0.038,0.430763,0.466473,0.580343
0.039,0.449737,0.467535,0.613618
0.04,0.475528,0.475528,0.647304
0.041,0.50788,0.490617,0.681306
0.042,0.546419,0.51282,0.715522
0.043,0.59066,0.542015,0.749849
0.044,0.640014,0.577932,0.784177
0.045,0.693796,0.620161,0.818394
0.046,0.751238,0.668158,0.852383
0.047,0.8115,0.721248,0.886027
0.048,0.873682,0.778642,0.919203
0.049,0.93684,0.839447,0.95179
0.05,1,0.90268,0.983662
0.051,1.06217,0.967288,1.01469
0.052,1.12237,1.03216,1.04476
0.053,1.17962,1.09617,1.07374
0.054,1.23299,1.15815,1.10149
0.055,1.28158,1.21696,1.12791
0.056,1.32456,1.27149,1.15287
0.057,1.36117,1.32067,1.17624
0.058,1.39075,1.3635,1.19792
0.059,1.41271,1.39907,1.21778
0.06,1.42658,1.42658,1.23572
0.061,1.43202,1.44535,1.25164
0.062,1.42879,1.45482,1.26543
0.063,1.41677,1.4546,1.27699
0.064,1.39597,1.44442,1.28625
0.065,1.36653,1.42419,1.29311
0.066,1.32872,1.39399,1.29751
0.067,1.28291,1.35404,1.29937
0.068,1.22958,1.30473,1.29864
0.069,1.16935,1.24659,1.29525
0.07,1.10291,1.18032,1.28918
0.071,1.03103,1.10673,1.28037
0.072,0.954576,1.02675,1.26881
0.073,0.874456,0.941413,1.25447
0.074,0.791635,0.851845,1.23735
0.075,0.707107,0.759231,1.21745
0.076,0.62188,0.6648,1.19477
0.077,0.536967,0.569808,1.16935
0.078,0.453362,0.47551,1.14119
0.079,0.37203,0.38314,1.11036
0.08,0.293893,0.293893,1.07688
0.081,0.21981,0.208899,1.04083
0.082,0.15057,0.129207,1.00226
0.083,0.0868775,0.0557658,0.961246
0.084,0.0293401,-0.0105918,0.917879
0.085,-0.0215378,-0.0691646,0.872248
0.086,-0.0653643,-0.119393,0.824452
0.087,-0.101865,-0.160871,0.774601
0.088,-0.130889,-0.193348,0.722809
0.089,-0.152406,-0.216737,0.669198
0.09,-0.166511,-0.231114,0.613897
0.091,-0.173422,-0.236715,0.557042
0.092,-0.173474,-0.233933,0.498773
0.093,-0.167113,-0.223307,0.439236
0.094,-0.154892,-0.205516,0.37858
0.095,-0.137458,-0.181361,0.31696
0.096,-0.115544,-0.151758,0.254534
0.097,-0.089954,-0.117712,0.191461
0.098,-0.0615544,-0.0803062,0.127905
0.099,-0.0312559,-0.0406777,0.0640295
0.1,2.09798e-15,2.16677e-15,-4.94157e-15
0.101,0.0312559,0.0405395,-0.0640178
0.102,0.0615544,0.0797598,-0.127858
0.103,0.089954,0.116508,-0.191357
0.104,0.115544,0.149678,-0.254351
0.105,0.137458,0.178232,-0.316679
0.106,0.154892,0.201215,-0.378182
0.107,0.167113,0.217777,-0.438704
0.108,0.173474,0.22718,-0.498095
0.109,0.173422,0.228816,-0.556206
0.11,0.166511,0.222216,-0.612895
0.111,0.152406,0.207056,-0.668025
0.112,0.130889,0.183163,-0.721463
0.113,0.101865,0.150516,-0.773086
0.114,0.0653643,0.10925,-0.822773
0.115,0.0215378,0.0596468,-0.870413
0.116,-0.0293401,0.00213478,-0.915902
0.117,-0.0868775,-0.0627218,-0.959143
0.118,-0.15057,-0.134232,-1.00005
0.119,-0.21981,-0.211591,-1.03853
0.12,-0.293893,-0.293893,-1.07453
0.121,-0.37203,-0.380148,-1.10798
0.122,-0.453362,-0.4693,-1.13881
0.123,-0.536967,-0.56024,-1.167
0.124,-0.62188,-0.651832,-1.19249
0.125,-0.707107,-0.742923,-1.21527
0.126,-0.791635,-0.832372,-1.2353
0.127,-0.874456,-0.919058,-1.2526
0.128,-0.954576,-1.00191,-1.26714
0.129,-1.03103,-1.0799,-1.27895
0.13,-1.10291,-1.15211,-1.28803
0.131,-1.16935,-1.21767,-1.29442
0.132,-1.22958,-1.27585,-1.29814
0.133,-1.28291,-1.326,-1.29925
0.134,-1.32872,-1.36764,-1.29777
0.135,-1.36653,-1.40036,-1.29379
0.136,-1.39597,-1.42394,-1.28734
0.137,-1.41677,-1.43825,-1.27852
0.138,-1.42879,-1.44333,-1.2674
0.139,-1.43202,-1.43935,-1.25406
0.14,-1.42658,-1.42658,-1.23858
0.141,-1.41271,-1.40546,-1.22107
0.142,-1.39075,-1.37651,-1.20163
0.143,-1.36117,-1.34036,-1.18035
0.144,-1.32456,-1.29775,-1.15735
0.145,-1.28158,-1.2495,-1.13274
0.146,-1.23299,-1.19647,-1.10662
0.147,-1.17962,-1.1396,-1.07913
0.148,-1.12237,-1.07987,-1.05038
0.149,-1.06217,-1.01825,-1.02049
0.15,-1,-0.955746,-0.989586
0.151,-0.93684,-0.893344,-0.957783
0.152,-0.873682,-0.832002,-0.925209
0.153,-0.8115,-0.772639,-0.891985
0.154,-0.751238,-0.716121,-0.858234
0.155,-0.693796,-0.663248,-0.824076
0.156,-0.640014,-0.61474,-0.78963
0.157,-0.59066,-0.571231,-0.755013
0.158,-0.546419,-0.533255,-0.720341
0.159,-0.50788,-0.501247,-0.685723
0.16,-0.475528,-0.475528,-0.651268
0.161,-0.449737,-0.45631,-0.617082
0.162,-0.430763,-0.443689,-0.583263
0.163,-0.418741,-0.437646,-0.549909
0.164,-0.413683,-0.438052,-0.517112
0.165,-0.415478,-0.444664,-0.484957
0.166,-0.423893,-0.457139,-0.453526
0.167,-0.438578,-0.475034,-0.422896
0.168,-0.459071,-0.497817,-0.393136
0.169,-0.484807,-0.524872,-0.364311
0.17,-0.515124,-0.555516,-0.33648
0.171,-0.549278,-0.589004,-0.309694
0.172,-0.586451,-0.624543,-0.284
0.173,-0.625766,-0.661305,-0.259438
0.174,-0.666302,-0.698437,-0.236041
0.175,-0.707107,-0.735078,-0.213835
0.176,-0.747214,-0.77037,-0.19284
0.177,-0.785657,-0.80347,-0.173071
0.178,-0.821486,-0.833562,-0.154535
0.179,-0.853784,-0.859873,-0.137231
0.18,-0.881678,-0.881678,-0.121156
0.181,-0.904357,-0.898316,-0.106297
0.182,-0.921083,-0.909198,-0.092636
0.183,-0.931205,-0.913811,-0.0801494
0.184,-0.934167,-0.911734,-0.0688075
0.185,-0.929519,-0.902635,-0.058575
0.186,-0.916923,-0.886282,-0.0494113
0.187,-0.896161,-0.862543,-0.0412706
0.188,-0.867138,-0.831389,-0.0341021
0.189,-0.829882,-0.792894,-0.0278503
0.19,-0.784545,-0.747236,-0.0224556
0.191,-0.731405,-0.694691,-0.017854
0.192,-0.670854,-0.635631,-0.013978
0.193,-0.6034,-0.570521,-0.0107564
0.194,-0.529655,-0.499909,-0.00811505
0.195,-0.450327,-0.424422,-0.00597714
0.196,-0.36621,-0.344753,-0.0042633
0.197,-0.278171,-0.261657,-0.00289223
0.198,-0.187135,-0.175934,-0.00178095
0.199,-0.0940774,-0.0884269,-0.00084524
0.2,1.25879e-14,1.18574e-14,-2.61832e-15
0.201,0.0940774,0.088466,0.00084035
0.202,0.187135,0.176089,0.00176147
0.203,0.278171,0.261997,0.00284873
0.204,0.36621,0.345341,0.00418677
0.205,0.450327,0.425305,0.00585914
0.206,0.529655,0.501123,0.00794791
0.207,0.6034,0.57208,0.0105333
0.208,0.670854,0.637534,0.0136931
0.209,0.731405,0.696915,0.0175028
0.21,0.784545,0.749739,0.0220346
0.211,0.829882,0.795615,0.0273575
0.212,0.867138,0.834248,0.0335367
0.213,0.896161,0.865447,0.0406335
0.214,0.916923,0.889123,0.0487048
0.215,0.929519,0.905297,0.0578027
0.216,0.934167,0.914096,0.0679748
0.217,0.931205,0.915751,0.0792629
0.218,0.921083,0.910597,0.0917039
0.219,0.904357,0.899065,0.105329
0.22,0.881678,0.881678,0.120162
0.221,0.853784,0.859044,0.136224
0.222,0.821486,0.831846,0.153526
0.223,0.785657,0.800831,0.172075
0.224,0.747214,0.766802,0.191872
0.225,0.707107,0.730601,0.212908
0.226,0.666302,0.693104,0.235171
0.227,0.625766,0.655198,0.258642
0.228,0.586451,0.617775,0.283292
0.229,0.549278,0.581715,0.309089
0.23,0.515124,0.547872,0.335992
0.231,0.484807,0.517059,0.363955
0.232,0.459071,0.49004,0.392925
0.233,0.438578,0.467509,0.422841
0.234,0.423893,0.450089,0.453639
0.235,0.415478,0.438311,0.485246
0.236,0.413683,0.432611,0.517585
0.237,0.418741,0.43332,0.550573
0.238,0.430763,0.44066,0.584121
0.239,0.449737,0.454734,0.618135
0.24,0.475528,0.475528,0.652517
0.241,0.50788,0.502911,0.687164
0.242,0.546419,0.536628,0.72197
0.243,0.59066,0.576314,0.756824
0.244,0.640014,0.621488,0.791612
0.245,0.693796,0.671567,0.826217
0.246,0.751238,0.725872,0.860521
0.247,0.8115,0.783634,0.894402
0.248,0.873682,0.844014,0.927737
0.249,0.93684,0.906108,0.960402
0.25,1,0.968963,0.992274
0.251,1.06217,1.0316,1.02323
0.252,1.12237,1.093,1.05314
0.253,1.17962,1.15218,1.08188
0.254,1.23299,1.20813,1.10934
0.255,1.28158,1.2599,1.13539
0.256,1.32456,1.30659,1.15991
0.257,1.36117,1.34732,1.18279
0.258,1.39075,1.38134,1.20393
0.259,1.41271,1.40796,1.2232
0.26,1.42658,1.42658,1.24051
0.261,1.43202,1.43675,1.25575
0.262,1.42879,1.43811,1.26884
0.263,1.41677,1.43042,1.27969
0.264,1.39597,1.41361,1.28822
0.265,1.36653,1.38771,1.29434
0.266,1.32872,1.35289,1.298
0.267,1.28291,1.30946,1.29913
0.268,1.22958,1.25787,1.29767
0.269,1.16935,1.19866,1.29359
0.27,1.10291,1.13251,1.28683
0.271,1.03103,1.06021,1.27738
0.272,0.954576,0.982608,1.26521
0.273,0.874456,0.900661,1.25031
0.274,0.791635,0.815378,1.23267
0.275,0.707107,0.727814,1.21229
0.276,0.62188,0.639057,1.1892
0.277,0.536967,0.550205,1.16341
0.278,0.453362,0.462354,1.13496
0.279,0.37203,0.376573,1.10388
0.28,0.293893,0.293893,1.07022
0.281,0.21981,0.215286,1.03405
0.282,0.15057,0.141653,0.995421
0.283,0.0868775,0.073803,0.954416
0.284,0.0293401,0.0124468,0.911115
0.285,-0.0215378,-0.0418195,0.865609
0.286,-0.0653643,-0.0885228,0.817995
0.287,-0.101865,-0.12732,0.76838
0.288,-0.130889,-0.158006,0.716876
0.289,-0.152406,-0.180512,0.663601
0.29,-0.166511,-0.194912,0.608681
0.291,-0.173422,-0.201419,0.552246
0.292,-0.173474,-0.200381,0.494433
0.293,-0.167113,-0.192273,0.435383
0.294,-0.154892,-0.177693,0.37524
0.295,-0.137458,-0.15735,0.314154
0.296,-0.115544,-0.132047,0.252277
0.297,-0.089954,-0.102677,0.189765
0.298,-0.0615544,-0.0701989,0.126776
0.299,-0.0312559,-0.0356239,0.0634671
0.3,6.73803e-15,8.18502e-15,-1.39898e-14
0.301,0.0312559,0.0356081,-0.0634649
0.302,0.0615544,0.0701363,-0.126767
0.303,0.089954,0.102539,-0.189746
0.304,0.115544,0.131809,-0.252243
0.305,0.137458,0.156991,-0.314101
0.306,0.154892,0.177201,-0.375165
0.307,0.167113,0.191641,-0.435283
0.308,0.173474,0.199609,-0.494306
0.309,0.173422,0.200518,-0.55209
0.31,0.166511,0.193898,-0.608493
0.311,0.152406,0.179409,-0.663381
0.312,0.130889,0.156847,-0.716624
0.313,0.101865,0.126144,-0.768096
0.314,0.0653643,0.0873724,-0.81768
0.315,0.0215378,0.0407418,-0.865264
0.316,-0.0293401,-0.0134028,-0.910743
0.317,-0.0868775,-0.0745878,-0.95402
0.318,-0.15057,-0.142218,-0.995005
0.319,-0.21981,-0.215589,-1.03362
0.32,-0.293893,-0.293893,-1.06978
0.321,-0.37203,-0.376238,-1.10343
0.322,-0.453362,-0.461661,-1.13451
0.323,-0.536967,-0.54914,-1.16297
0.324,-0.62188,-0.637617,-1.18877
0.325,-0.707107,-0.726009,-1.21188
0.326,-0.791635,-0.813229,-1.23228
0.327,-0.874456,-0.898202,-1.24995
0.328,-0.954576,-0.979884,-1.2649
0.329,-1.03103,-1.05728,-1.27711
0.33,-1.10291,-1.12944,-1.28662
0.331,-1.16935,-1.19552,-1.29343
0.332,-1.22958,-1.25474,-1.29758
0.333,-1.28291,-1.30644,-1.29911
0.334,-1.32872,-1.35006,-1.29805
0.335,-1.36653,-1.38516,-1.29447
0.336,-1.39597,-1.41143,-1.28843
0.337,-1.41677,-1.42869,-1.27999
0.338,-1.42879,-1.4369,-1.26923
0.339,-1.43202,-1.43612,-1.25622
0.34,-1.42658,-1.42658,-1.24106
0.341,-1.41271,-1.40862,-1.22384
0.342,-1.39075,-1.38269,-1.20465
0.343,-1.36117,-1.34935,-1.1836
0.344,-1.32456,-1.30927,-1.16079
0.345,-1.28158,-1.26321,-1.13634
0.346,-1.23299,-1.212,-1.11035
0.347,-1.17962,-1.15653,-1.08295
0.348,-1.12237,-1.09776,-1.05426
0.349,-1.06217,-1.03664,-1.02439
0.35,-1,-0.974185,-0.993463
0.351,-0.93684,-0.911375,-0.961611
0.352,-0.873682,-0.849192,-0.928954
0.353,-0.8115,-0.788585,-0.895616
0.354,-0.751238,-0.730457,-0.86172
0.355,-0.693796,-0.675655,-0.827389
0.356,-0.640014,-0.624952,-0.792744
0.357,-0.59066,-0.579041,-0.757903
0.358,-0.546419,-0.53852,-0.722984
0.359,-0.50788,-0.503886,-0.688101
0.36,-0.475528,-0.475528,-0.653365
0.361,-0.449737,-0.453722,-0.618882
0.362,-0.430763,-0.438626,-0.584757
0.363,-0.418741,-0.430279,-0.551088
0.364,-0.413683,-0.428605,-0.51797
0.365,-0.415478,-0.433408,-0.485492
0.366,-0.423893,-0.444384,-0.453739
0.367,-0.438578,-0.461121,-0.42279
0.368,-0.459071,-0.483107,-0.392718
0.369,-0.484807,-0.509741,-0.363589
0.37,-0.515124,-0.540342,-0.335465
0.371,-0.549278,-0.574159,-0.308401
0.372,-0.586451,-0.610384,-0.282445
0.373,-0.625766,-0.648164,-0.257639
0.374,-0.666302,-0.686618,-0.234017
0.375,-0.707107,-0.724845,-0.211608
0.376,-0.747214,-0.761944,-0.190434
0.377,-0.785657,-0.797022,-0.170509
0.378,-0.821486,-0.829215,-0.151843
0.379,-0.853784,-0.857692,-0.134436
0.38,-0.881678,-0.881678,-0.118283
0.381,-0.904357,-0.900456,-0.103373
0.382,-0.921083,-0.913385,-0.0896878
0.383,-0.931205,-0.919907,-0.0772037
0.384,-0.934167,-0.919553,-0.0658904
0.385,-0.929519,-0.911954,-0.055712
0.386,-0.916923,-0.896845,-0.0466268
0.387,-0.896161,-0.874069,-0.038588
0.388,-0.867138,-0.843578,-0.0315436
0.389,-0.829882,-0.805437,-0.0254366
0.39,-0.784545,-0.759818,-0.0202057
0.391,-0.731405,-0.707003,-0.0157851
0.392,-0.670854,-0.647378,-0.0121055
0.393,-0.6034,-0.581426,-0.00909372
0.394,-0.529655,-0.50972,-0.00667353
0.395,-0.450327,-0.432918,-0.00476587
0.396,-0.36621,-0.351751,-0.00328926
0.397,-0.278171,-0.267012,-0.00216014
0.398,-0.187135,-0.179547,-0.00129332
0.399,-0.0940774,-0.0902387,-0.000602367
0.4,2.51758e-14,2.35531e-14,-7.49214e-15
0.401,0.0940774,0.0902449,0.000601487
0.402,0.187135,0.179571,0.00128982
0.403,0.278171,0.267066,0.00215231
0.404,0.36621,0.351844,0.00327549
0.405,0.450327,0.433058,0.00474465
0.406,0.529655,0.509912,0.00664346
0.407,0.6034,0.581672,0.00905359
0.408,0.670854,0.647679,0.0120543
0.409,0.731405,0.707354,0.015722
0.41,0.784545,0.760213,0.02013
0.411,0.829882,0.805866,0.025348
0.412,0.867138,0.844029,0.031442
0.413,0.896161,0.874527,0.0384736
0.414,0.916923,0.897293,0.0464999
0.415,0.929519,0.912373,0.0555732
0.416,0.934167,0.919924,0.0657408
0.417,0.931205,0.920212,0.0770445
0.418,0.921083,0.913605,0.0895204
0.419,0.904357,0.900574,0.103199
0.42,0.881678,0.881678,0.118104
0.421,0.853784,0.857562,0.134255
0.422,0.821486,0.828945,0.151662
0.423,0.785657,0.796609,0.170331
0.424,0.747214,0.761384,0.19026
0.425,0.707107,0.724144,0.211442
0.426,0.666302,0.685783,0.233861
0.427,0.625766,0.647209,0.257496
0.428,0.586451,0.609326,0.282318
0.429,0.549278,0.573021,0.308293
0.43,0.515124,0.53915,0.335378
0.431,0.484807,0.508524,0.363525
0.432,0.459071,0.481896,0.39268
0.433,0.438578,0.45995,0.42278
0.434,0.423893,0.443288,0.45376
0.435,0.415478,0.432422,0.485544
0.436,0.413683,0.427761,0.518054
0.437,0.418741,0.429609,0.551206
0.438,0.430763,0.438157,0.58491
0.439,0.449737,0.453478,0.61907
0.44,0.475528,0.475528,0.653587
0.441,0.50788,0.504143,0.688358
0.442,0.546419,0.53904,0.723274
0.443,0.59066,0.579823,0.758225
0.444,0.640014,0.62599,0.793096
0.445,0.693796,0.676932,0.827769
0.446,0.751238,0.731952,0.862126
0.447,0.8115,0.790268,0.896045
0.448,0.873682,0.851029,0.929402
0.449,0.93684,0.913324,0.962075
0.45,1,0.9762,0.993939
0.451,1.06217,1.03868,1.02487
0.452,1.12237,1.09975,1.05474
0.453,1.17962,1.15844,1.08344
0.454,1.23299,1.21377,1.11083
0.455,1.28158,1.26478,1.13681
0.456,1.32456,1.3106,1.16124
0.457,1.36117,1.3504,1.18403
0.458,1.39075,1.38341,1.20505
0.459,1.41271,1.409,1.22421
0.46,1.42658,1.42658,1.2414
0.461,1.43202,1.43573,1.25652
0.462,1.42879,1.43611,1.26948
0.463,1.41677,1.42753,1.28019
0.464,1.39597,1.40989,1.28858
0.465,1.36653,1.38328,1.29457
0.466,1.32872,1.34787,1.29809
0.467,1.28291,1.304,1.29908
0.468,1.22958,1.25209,1.2975
0.469,1.16935,1.19272,1.29328
0.47,1.10291,1.12656,1.28641
0.471,1.03103,1.05439,1.27684
0.472,0.954576,0.97706,1.26456
0.473,0.874456,0.895516,1.24955
0.474,0.791635,0.810753,1.23182
0.475,0.707107,0.723813,1.21136
0.476,0.62188,0.635765,1.1882
0.477,0.536967,0.547689,1.16235
0.478,0.453362,0.460659,1.13384
0.479,0.37203,0.375724,1.10272
0.48,0.293893,0.293893,1.06903
0.481,0.21981,0.216118,1.03284
0.482,0.15057,0.143278,0.994206
0.483,0.0868775,0.0761651,0.953204
0.484,0.0293401,0.0154726,0.909917
0.485,-0.0215378,-0.0382185,0.864435
0.486,-0.0653643,-0.084447,0.816857
0.487,-0.101865,-0.12288,0.767286
0.488,-0.130889,-0.153317,0.715835
0.489,-0.152406,-0.175696,0.662621
0.49,-0.166511,-0.19009,0.60777
0.491,-0.173422,-0.196709,0.551411
0.492,-0.173474,-0.195896,0.493679
0.493,-0.167113,-0.188118,0.434714
0.494,-0.154892,-0.173963,0.374662
0.495,-0.137458,-0.154126,0.31367
0.496,-0.115544,-0.129398,0.251889
0.497,-0.089954,-0.100655,0.189475
0.498,-0.0615544,-0.0688379,0.126582
0.499,-0.0312559,-0.034943,0.0633712
0.5,1.00458e-14,9.73368e-15,-2.54526e-14
0.501,0.0312559,0.034943,-0.0633712
0.502,0.0615544,0.0688379,-0.126582
0.503,0.089954,0.100655,-0.189475
0.504,0.115544,0.129398,-0.251889
0.505,0.137458,0.154126,-0.31367
0.506,0.154892,0.173963,-0.374662
0.507,0.167113,0.188118,-0.434714
0.508,0.173474,0.195896,-0.493679
0.509,0.173422,0.196709,-0.551411
0.51,0.166511,0.19009,-0.60777
0.511,0.152406,0.175696,-0.662621
0.512,0.130889,0.153317,-0.715835
0.513,0.101865,0.12288,-0.767286
0.514,0.0653643,0.084447,-0.816857
0.515,0.0215378,0.0382185,-0.864435
0.516,-0.0293401,-0.0154726,-0.909917
0.517,-0.0868775,-0.0761651,-0.953204
0.518,-0.15057,-0.143278,-0.994206
0.519,-0.21981,-0.216118,-1.03284
0.52,-0.293893,-0.293893,-1.06903
0.521,-0.37203,-0.375724,-1.10272
0.522,-0.453362,-0.460659,-1.13384
0.523,-0.536967,-0.547689,-1.16235
0.524,-0.62188,-0.635765,-1.1882
0.525,-0.707107,-0.723813,-1.21136
0.526,-0.791635,-0.810753,-1.23182
0.527,-0.874456,-0.895516,-1.24955
0.528,-0.954576,-0.97706,-1.26456
0.529,-1.03103,-1.05439,-1.27684
0.53,-1.10291,-1.12656,-1.28641
0.531,-1.16935,-1.19272,-1.29328
0.532,-1.22958,-1.25209,-1.2975
0.533,-1.28291,-1.304,-1.29908
0.534,-1.32872,-1.34787,-1.29809
0.535,-1.36653,-1.38328,-1.29457
0.536,-1.39597,-1.40989,-1.28858
0.537,-1.41677,-1.42753,-1.28019
0.538,-1.42879,-1.43611,-1.26948
0.539,-1.43202,-1.43573,-1.25652
0.54,-1.42658,-1.42658,-1.2414
0.541,-1.41271,-1.409,-1.22421
0.542,-1.39075,-1.38341,-1.20505
0.543,-1.36117,-1.3504,-1.18403
0.544,-1.32456,-1.3106,-1.16124
0.545,-1.28158,-1.26478,-1.13681
0.546,-1.23299,-1.21377,-1.11083
0.547,-1.17962,-1.15844,-1.08344
0.548,-1.12237,-1.09975,-1.05474
0.549,-1.06217,-1.03868,-1.02487
0.55,-1,-0.9762,-0.993939
0.551,-0.93684,-0.913324,-0.962075
0.552,-0.873682,-0.851029,-0.929402
0.553,-0.8115,-0.790268,-0.896045
0.554,-0.751238,-0.731952,-0.862126
0.555,-0.693796,-0.676932,-0.827769
0.556,-0.640014,-0.62599,-0.793096
0.557,-0.59066,-0.579823,-0.758225
0.558,-0.546419,-0.53904,-0.723274
0.559,-0.50788,-0.504143,-0.688358
0.56,-0.475528,-0.475528,-0.653587
0.561,-0.449737,-0.453478,-0.61907
0.562,-0.430763,-0.438157,-0.58491
0.563,-0.418741,-0.429609,-0.551206
0.564,-0.413683,-0.427761,-0.518054
0.565,-0.415478,-0.432422,-0.485544
0.566,-0.423893,-0.443288,-0.45376
0.567,-0.438578,-0.45995,-0.42278
0.568,-0.459071,-0.481896,-0.39268
0.569,-0.484807,-0.508524,-0.363525
0.57,-0.515124,-0.53915,-0.335378
0.571,-0.549278,-0.573021,-0.308293
0.572,-0.586451,-0.609326,-0.282318
0.573,-0.625766,-0.647209,-0.257496
0.574,-0.666302,-0.685783,-0.233861
0.575,-0.707107,-0.724144,-0.211442
0.576,-0.747214,-0.761384,-0.19026
0.577,-0.785657,-0.796609,-0.170331
0.578,-0.821486,-0.828945,-0.151662
0.579,-0.853784,-0.857562,-0.134255
0.58,-0.881678,-0.881678,-0.118104
0.581,-0.904357,-0.900574,-0.103199
0.582,-0.921083,-0.913605,-0.0895204
0.583,-0.931205,-0.920212,-0.0770445
0.584,-0.934167,-0.919924,-0.0657408
0.585,-0.929519,-0.912373,-0.0555732
0.586,-0.916923,-0.897293,-0.0464999
0.587,-0.896161,-0.874527,-0.0384736
0.588,-0.867138,-0.844029,-0.031442
0.589,-0.829882,-0.805866,-0.025348
0.59,-0.784545,-0.760213,-0.02013
0.591,-0.731405,-0.707354,-0.015722
0.592,-0.670854,-0.647679,-0.0120543
0.593,-0.6034,-0.581672,-0.00905359
0.594,-0.529655,-0.509912,-0.00664346
0.595,-0.450327,-0.433058,-0.00474465
0.596,-0.36621,-0.351844,-0.00327549
0.597,-0.278171,-0.267066,-0.00215231
0.598,-0.187135,-0.179571,-0.00128982
0.599,-0.0940774,-0.0902449,-0.000601487
0.6,4.04282e-14,3.89511e-14,-1.62173e-15
0.601,0.0940774,0.0902387,0.000602367
0.602,0.187135,0.179547,0.00129332
0.603,0.278171,0.267012,0.00216014
0.604,0.36621,0.351751,0.00328926
0.605,0.450327,0.432918,0.00476587
0.606,0.529655,0.50972,0.00667353
0.607,0.6034,0.581426,0.00909372
0.608,0.670854,0.647378,0.0121055
0.609,0.731405,0.707003,0.0157851
0.61,0.784545,0.759818,0.0202057
0.611,0.829882,0.805437,0.0254366
0.612,0.867138,0.843578,0.0315436
0.613,0.896161,0.874069,0.038588
0.614,0.916923,0.896845,0.0466268
0.615,0.929519,0.911954,0.055712
0.616,0.934167,0.919553,0.0658904
0.617,0.931205,0.919907,0.0772037
0.618,0.921083,0.913385,0.0896878
0.619,0.904357,0.900456,0.103373
0.62,0.881678,0.881678,0.118283
0.621,0.853784,0.857692,0.134436
0.622,0.821486,0.829215,0.151843
0.623,0.785657,0.797022,0.170509
0.624,0.747214,0.761944,0.190434
0.625,0.707107,0.724845,0.211608
0.626,0.666302,0.686618,0.234017
0.627,0.625766,0.648164,0.257639
0.628,0.586451,0.610384,0.282445
0.629,0.549278,0.574159,0.308401
0.63,0.515124,0.540342,0.335465
0.631,0.484807,0.509741,0.363589
0.632,0.459071,0.483107,0.392718
0.633,0.438578,0.461121,0.42279
0.634,0.423893,0.444384,0.453739
0.635,0.415478,0.433408,0.485492
0.636,0.413683,0.428605,0.51797
0.637,0.418741,0.430279,0.551088
0.638,0.430763,0.438626,0.584757
0.639,0.449737,0.453722,0.618882
0.64,0.475528,0.475528,0.653365
0.641,0.50788,0.503886,0.688101
0.642,0.546419,0.53852,0.722984
0.643,0.59066,0.579041,0.757903
0.644,0.640014,0.624952,0.792744
0.645,0.693796,0.675655,0.827389
0.646,0.751238,0.730457,0.86172
0.647,0.8115,0.788585,0.895616
0.648,0.873682,0.849192,0.928954
0.649,0.93684,0.911375,0.961611
0.65,1,0.974185,0.993463
0.651,1.06217,1.03664,1.02439
0.652,1.12237,1.09776,1.05426
0.653,1.17962,1.15653,1.08295
0.654,1.23299,1.212,1.11035
0.655,1.28158,1.26321,1.13634
0.656,1.32456,1.30927,1.16079
0.657,1.36117,1.34935,1.1836
0.658,1.39075,1.38269,1.20465
0.659,1.41271,1.40862,1.22384
0.66,1.42658,1.42658,1.24106
0.661,1.43202,1.43612,1.25622
0.662,1.42879,1.4369,1.26923
0.663,1.41677,1.42869,1.27999
0.664,1.39597,1.41143,1.28843
0.665,1.36653,1.38516,1.29447
0.666,1.32872,1.35006,1.29805
0.667,1.28291,1.30644,1.29911
0.668,1.22958,1.25474,1.29758
0.669,1.16935,1.19552,1.29343
0.67,1.10291,1.12944,1.28662
0.671,1.03103,1.05728,1.27711
0.672,0.954576,0.979884,1.2649
0.673,0.874456,0.898202,1.24995
0.674,0.791635,0.813229,1.23228
0.675,0.707107,0.726009,1.21188
0.676,0.62188,0.637617,1.18877
0.677,0.536967,0.54914,1.16297
0.678,0.453362,0.461661,1.13451
0.679,0.37203,0.376238,1.10343
0.68,0.293893,0.293893,1.06978
0.681,0.21981,0.215589,1.03362
0.682,0.15057,0.142218,0.995005
0.683,0.0868775,0.0745878,0.95402
0.684,0.0293401,0.0134028,0.910743
0.685,-0.0215378,-0.0407418,0.865264
0.686,-0.0653643,-0.0873724,0.81768
0.687,-0.101865,-0.126144,0.768096
0.688,-0.130889,-0.156847,0.716624
0.689,-0.152406,-0.179409,0.663381
0.69,-0.166511,-0.193898,0.608493
0.691,-0.173422,-0.200518,0.55209
0.692,-0.173474,-0.199609,0.494306
0.693,-0.167113,-0.191641,0.435283
0.694,-0.154892,-0.177201,0.375165
0.695,-0.137458,-0.156991,0.314101
0.696,-0.115544,-0.131809,0.252243
0.697,-0.089954,-0.102539,0.189746
0.698,-0.0615544,-0.0701363,0.126767
0.699,-0.0312559,-0.0356081,0.0634649
0.7,1.69063e-14,1.81631e-14,-3.61846e-14
0.701,0.0312559,0.0356239,-0.0634671
0.702,0.0615544,0.0701989,-0.126776
0.703,0.089954,0.102677,-0.189765
0.704,0.115544,0.132047,-0.252277
0.705,0.137458,0.15735,-0.314154
0.706,0.154892,0.177693,-0.37524
0.707,0.167113,0.192273,-0.435383
0.708,0.173474,0.200381,-0.494433
0.709,0.173422,0.201419,-0.552246
0.71,0.166511,0.194912,-0.608681
0.711,0.152406,0.180512,-0.663601
0.712,0.130889,0.158006,-0.716876
0.713,0.101865,0.12732,-0.76838
0.714,0.0653643,0.0885228,-0.817995
0.715,0.0215378,0.0418195,-0.865609
0.716,-0.0293401,-0.0124468,-0.911115
0.717,-0.0868775,-0.073803,-0.954416
0.718,-0.15057,-0.141653,-0.995421
0.719,-0.21981,-0.215286,-1.03405
0.72,-0.293893,-0.293893,-1.07022
0.721,-0.37203,-0.376573,-1.10388
0.722,-0.453362,-0.462354,-1.13496
0.723,-0.536967,-0.550205,-1.16341
0.724,-0.62188,-0.639057,-1.1892
0.725,-0.707107,-0.727814,-1.21229
0.726,-0.791635,-0.815378,-1.23267
0.727,-0.874456,-0.900661,-1.25031
0.728,-0.954576,-0.982608,-1.26521
0.729,-1.03103,-1.06021,-1.27738
0.73,-1.10291,-1.13251,-1.28683
0.731,-1.16935,-1.19866,-1.29359
0.732,-1.22958,-1.25787,-1.29767
0.733,-1.28291,-1.30946,-1.29913
0.734,-1.32872,-1.35289,-1.298
0.735,-1.36653,-1.38771,-1.29434
0.736,-1.39597,-1.41361,-1.28822
0.737,-1.41677,-1.43042,-1.27969
0.738,-1.42879,-1.43811,-1.26884
0.739,-1.43202,-1.43675,-1.25575
0.74,-1.42658,-1.42658,-1.24051
0.741,-1.41271,-1.40796,-1.2232
0.742,-1.39075,-1.38134,-1.20393
0.743,-1.36117,-1.34732,-1.18279
0.744,-1.32456,-1.30659,-1.15991
0.745,-1.28158,-1.2599,-1.13539
0.746,-1.23299,-1.20813,-1.10934
0.747,-1.17962,-1.15218,-1.08188
0.748,-1.12237,-1.093,-1.05314
0.749,-1.06217,-1.0316,-1.02323
0.75,-1,-0.968963,-0.992274
0.751,-0.93684,-0.906108,-0.960402
0.752,-0.873682,-0.844014,-0.927737
0.753,-0.8115,-0.783634,-0.894402
0.754,-0.751238,-0.725872,-0.860521
0.755,-0.693796,-0.671567,-0.826217
0.756,-0.640014,-0.621488,-0.791612
0.757,-0.59066,-0.576314,-0.756824
0.758,-0.546419,-0.536628,-0.72197
0.759,-0.50788,-0.502911,-0.687164
0.76,-0.475528,-0.475528,-0.652517
0.761,-0.449737,-0.454734,-0.618135
0.762,-0.430763,-0.44066,-0.584121
0.763,-0.418741,-0.43332,-0.550573
0.764,-0.413683,-0.432611,-0.517585
0.765,-0.415478,-0.438311,-0.485246
0.766,-0.423893,-0.450089,-0.453639
0.767,-0.438578,-0.467509,-0.422841
0.768,-0.459071,-0.49004,-0.392925
0.769,-0.484807,-0.517059,-0.363955
0.77,-0.515124,-0.547872,-0.335992
0.771,-0.549278,-0.581715,-0.309089
0.772,-0.586451,-0.617775,-0.283292
0.773,-0.625766,-0.655198,-0.258642
0.774,-0.666302,-0.693104,-0.235171
0.775,-0.707107,-0.730601,-0.212908
0.776,-0.747214,-0.766802,-0.191872
0.777,-0.785657,-0.800831,-0.172075
0.778,-0.821486,-0.831846,-0.153526
0.779,-0.853784,-0.859044,-0.136224
0.78,-0.881678,-0.881678,-0.120162
0.781,-0.904357,-0.899065,-0.105329
0.782,-0.921083,-0.910597,-0.0917039
0.783,-0.931205,-0.915751,-0.0792629
0.784,-0.934167,-0.914096,-0.0679748
0.785,-0.929519,-0.905297,-0.0578027
0.786,-0.916923,-0.889123,-0.0487048
0.787,-0.896161,-0.865447,-0.0406335
0.788,-0.867138,-0.834248,-0.0335367
0.789,-0.829882,-0.795615,-0.0273575
0.79,-0.784545,-0.749739,-0.0220346
0.791,-0.731405,-0.696915,-0.0175028
0.792,-0.670854,-0.637534,-0.0136931
0.793,-0.6034,-0.57208,-0.0105333
0.794,-0.529655,-0.501123,-0.00794791
0.795,-0.450327,-0.425305,-0.00585914
0.796,-0.36621,-0.345341,-0.00418677
0.797,-0.278171,-0.261997,-0.00284873
0.798,-0.187135,-0.176089,-0.00176147
0.799,-0.0940774,-0.088466,-0.00084035
0.8,5.03516e-14,4.85353e-14,-1.27902e-14
0.801,0.0940774,0.0884269,0.00084524
0.802,0.187135,0.175934,0.00178095
0.803,0.278171,0.261657,0.00289223
0.804,0.36621,0.344753,0.0042633
0.805,0.450327,0.424422,0.00597714
0.806,0.529655,0.499909,0.00811505
0.807,0.6034,0.570521,0.0107564
0.808,0.670854,0.635631,0.013978
0.809,0.731405,0.694691,0.017854
0.81,0.784545,0.747236,0.0224556
0.811,0.829882,0.792894,0.0278503
0.812,0.867138,0.831389,0.0341021
0.813,0.896161,0.862543,0.0412706
0.814,0.916923,0.886282,0.0494113
0.815,0.929519,0.902635,0.058575
0.816,0.934167,0.911734,0.0688075
0.817,0.931205,0.913811,0.0801494
0.818,0.921083,0.909198,0.092636
0.819,0.904357,0.898316,0.106297
0.82,0.881678,0.881678,0.121156
0.821,0.853784,0.859873,0.137231
0.822,0.821486,0.833562,0.154535
0.823,0.785657,0.80347,0.173071
0.824,0.747214,0.77037,0.19284
0.825,0.707107,0.735078,0.213835
0.826,0.666302,0.698437,0.236041
0.827,0.625766,0.661305,0.259438
0.828,0.586451,0.624543,0.284
0.829,0.549278,0.589004,0.309694
0.83,0.515124,0.555516,0.33648
0.831,0.484807,0.524872,0.364311
0.832,0.459071,0.497817,0.393136
0.833,0.438578,0.475034,0.422896
0.834,0.423893,0.457139,0.453526
0.835,0.415478,0.444664,0.484957
0.836,0.413683,0.438052,0.517112
0.837,0.418741,0.437646,0.549909
0.838,0.430763,0.443689,0.583263
0.839,0.449737,0.45631,0.617082
0.84,0.475528,0.475528,0.651268
0.841,0.50788,0.501247,0.685723
0.842,0.546419,0.533255,0.720341
0.843,0.59066,0.571231,0.755013
0.844,0.640014,0.61474,0.78963
0.845,0.693796,0.663248,0.824076
0.846,0.751238,0.716121,0.858234
0.847,0.8115,0.772639,0.891985
0.848,0.873682,0.832002,0.925209
0.849,0.93684,0.893344,0.957783
0.85,1,0.955746,0.989586
0.851,1.06217,1.01825,1.02049
0.852,1.12237,1.07987,1.05038
0.853,1.17962,1.1396,1.07913
0.854,1.23299,1.19647,1.10662
0.855,1.28158,1.2495,1.13274
0.856,1.32456,1.29775,1.15735
0.857,1.36117,1.34036,1.18035
0.858,1.39075,1.37651,1.20163
0.859,1.41271,1.40546,1.22107
0.86,1.42658,1.42658,1.23858
0.861,1.43202,1.43935,1.25406
0.862,1.42879,1.44333,1.2674
0.863,1.41677,1.43825,1.27852
0.864,1.39597,1.42394,1.28734
0.865,1.36653,1.40036,1.29379
0.866,1.32872,1.36764,1.29777
0.867,1.28291,1.326,1.29925
0.868,1.22958,1.27585,1.29814
0.869,1.16935,1.21767,1.29442
0.87,1.10291,1.15211,1.28803
0.871,1.03103,1.0799,1.27895
0.872,0.954576,1.00191,1.26714
0.873,0.874456,0.919058,1.2526
0.874,0.791635,0.832372,1.2353
0.875,0.707107,0.742923,1.21527
0.876,0.62188,0.651832,1.19249
0.877,0.536967,0.56024,1.167
0.878,0.453362,0.4693,1.13881
0.879,0.37203,0.380148,1.10798
0.88,0.293893,0.293893,1.07453
0.881,0.21981,0.211591,1.03853
0.882,0.15057,0.134232,1.00005
0.883,0.0868775,0.0627218,0.959143
0.884,0.0293401,-0.00213478,0.915902
0.885,-0.0215378,-0.0596468,0.870413
0.886,-0.0653643,-0.10925,0.822773
0.887,-0.101865,-0.150516,0.773086
0.888,-0.130889,-0.183163,0.721463
0.889,-0.152406,-0.207056,0.668025
0.89,-0.166511,-0.222216,0.612895
0.891,-0.173422,-0.228816,0.556206
0.892,-0.173474,-0.22718,0.498095
0.893,-0.167113,-0.217777,0.438704
0.894,-0.154892,-0.201215,0.378182
0.895,-0.137458,-0.178232,0.316679
0.896,-0.115544,-0.149678,0.254351
0.897,-0.089954,-0.116508,0.191357
0.898,-0.0615544,-0.0797598,0.127858
0.899,-0.0312559,-0.0405395,0.0640178
0.9,2.02141e-14,2.16467e-14,-5.39597e-14
0.901,0.0312559,0.0406777,-0.0640295
0.902,0.0615544,0.0803062,-0.127905
0.903,0.089954,0.117712,-0.191461
0.904,0.115544,0.151758,-0.254534
0.905,0.137458,0.181361,-0.31696
0.906,0.154892,0.205516,-0.37858
0.907,0.167113,0.223307,-0.439236
0.908,0.173474,0.233933,-0.498773
0.909,0.173422,0.236715,-0.557042
0.91,0.166511,0.231114,-0.613897
0.911,0.152406,0.216737,-0.669198
0.912,0.130889,0.193348,-0.722809
0.913,0.101865,0.160871,-0.774601
0.914,0.0653643,0.119393,-0.824452
0.915,0.0215378,0.0691646,-0.872248
0.916,-0.0293401,0.0105918,-0.917879
0.917,-0.0868775,-0.0557658,-0.961246
0.918,-0.15057,-0.129207,-1.00226
0.919,-0.21981,-0.208899,-1.04083
0.92,-0.293893,-0.293893,-1.07688
0.921,-0.37203,-0.38314,-1.11036
0.922,-0.453362,-0.47551,-1.14119
0.923,-0.536967,-0.569808,-1.16935
0.924,-0.62188,-0.6648,-1.19477
0.925,-0.707107,-0.759231,-1.21745
0.926,-0.791635,-0.851845,-1.23735
0.927,-0.874456,-0.941413,-1.25447
0.928,-0.954576,-1.02675,-1.26881
0.929,-1.03103,-1.10673,-1.28037
0.93,-1.10291,-1.18032,-1.28918
0.931,-1.16935,-1.24659,-1.29525
0.932,-1.22958,-1.30473,-1.29864
0.933,-1.28291,-1.35404,-1.29937
0.934,-1.32872,-1.39399,-1.29751
0.935,-1.36653,-1.42419,-1.29311
0.936,-1.39597,-1.44442,-1.28625
0.937,-1.41677,-1.4546,-1.27699
0.938,-1.42879,-1.45482,-1.26543
0.939,-1.43202,-1.44535,-1.25164
0.94,-1.42658,-1.42658,-1.23572
0.941,-1.41271,-1.39907,-1.21778
0.942,-1.39075,-1.3635,-1.19792
0.943,-1.36117,-1.32067,-1.17624
0.944,-1.32456,-1.27149,-1.15287
0.945,-1.28158,-1.21696,-1.12791
0.946,-1.23299,-1.15815,-1.10149
0.947,-1.17962,-1.09617,-1.07374
0.948,-1.12237,-1.03216,-1.04476
0.949,-1.06217,-0.967288,-1.01469
0.95,-1,-0.90268,-0.983662
0.951,-0.93684,-0.839447,-0.95179
0.952,-0.873682,-0.778642,-0.919203
0.953,-0.8115,-0.721248,-0.886027
0.954,-0.751238,-0.668158,-0.852383
0.955,-0.693796,-0.620161,-0.818394
0.956,-0.640014,-0.577932,-0.784177
0.957,-0.59066,-0.542015,-0.749849
0.958,-0.546419,-0.51282,-0.715522
0.959,-0.50788,-0.490617,-0.681306
0.96,-0.475528,-0.475528,-0.647304
0.961,-0.449737,-0.467535,-0.613618
0.962,-0.430763,-0.466473,-0.580343
0.963,-0.418741,-0.472045,-0.54757
0.964,-0.413683,-0.483821,-0.515384
0.965,-0.415478,-0.501254,-0.483865
0.966,-0.423893,-0.52369,-0.453086
0.967,-0.438578,-0.550382,-0.423117
0.968,-0.459071,-0.580504,-0.394019
0.969,-0.484807,-0.613173,-0.365848
0.97,-0.515124,-0.647462,-0.338654
0.971,-0.549278,-0.68242,-0.312481
0.972,-0.586451,-0.717091,-0.287366
0.973,-0.625766,-0.750532,-0.263341
0.974,-0.666302,-0.781833,-0.240429
0.975,-0.707107,-0.81013,-0.218652
0.976,-0.747214,-0.834627,-0.198021
0.977,-0.785657,-0.854603,-0.178544
0.978,-0.821486,-0.869434,-0.160223
0.979,-0.853784,-0.878596,-0.143055
0.98,-0.881678,-0.881678,-0.127031
0.981,-0.904357,-0.878387,-0.112136
0.982,-0.921083,-0.868552,-0.0983535
0.983,-0.931205,-0.852129,-0.0856603
0.984,-0.934167,-0.829196,-0.0740298
0.985,-0.929519,-0.799951,-0.0634315
0.986,-0.916923,-0.764709,-0.0538315
0.987,-0.896161,-0.723893,-0.045193
0.988,-0.867138,-0.678023,-0.0374762
0.989,-0.829882,-0.627707,-0.0306389
0.99,-0.784545,-0.573629,-0.0246368
0.991,-0.731405,-0.516533,-0.019424
0.992,-0.670854,-0.457208,-0.014953
0.993,-0.6034,-0.396475,-0.0111755
0.994,-0.529655,-0.335168,-0.00804207
0.995,-0.450327,-0.274122,-0.00550321
0.996,-0.36621,-0.214154,-0.00350917
0.997,-0.278171,-0.156048,-0.00201044
0.998,-0.187135,-0.100545,-0.000957993
0.999,-0.0940774,-0.048325,-0.000303583
